RAD_19	14
RAD_56	267
RAD_58	85
RAD_137	120
RAD_206	127
RAD_216	18
RAD_230	57
RAD_288	196
RAD_293	154
RAD_321	112
RAD_448	261
RAD_459	63
RAD_477	46
RAD_541	52
RAD_608	184
RAD_617	205
RAD_629	82
RAD_646	149
RAD_684	172
RAD_703	118
RAD_719	87
RAD_837	270
RAD_849	62
RAD_902	94
RAD_974	154
RAD_995	36
RAD_1158	20
RAD_1216	104
RAD_1308	239
RAD_1338	149
RAD_1399	149
RAD_1436	114
RAD_1449	55
RAD_1502	113
RAD_1573	9
RAD_1580	12
RAD_1713	23
RAD_1755	16
RAD_1787	174
RAD_1896	81
RAD_1904	56
RAD_1943	106
RAD_1961	57
RAD_1963	4
RAD_1989	149
RAD_2019	178
RAD_2052	38
RAD_2109	258
RAD_2165	205
RAD_2179	113
RAD_2186	130
RAD_2195	257
RAD_2212	156
RAD_2228	263
RAD_2231	34
RAD_2259	86
RAD_2268	247
RAD_2270	19
RAD_2692	165
RAD_2730	51
RAD_2800	170
RAD_2859	220
RAD_3042	56
RAD_3044	48
RAD_3320	146
RAD_3412	205
RAD_3562	102
RAD_3663	2
RAD_3962	25
RAD_4038	34
RAD_4044	157
RAD_4152	211
RAD_4155	68
RAD_4158	174
RAD_4254	244
RAD_4273	208
RAD_4277	1
RAD_4336	68
RAD_4358	183
RAD_4359	280
RAD_4362	10
RAD_4458	65
RAD_4465	107
RAD_4488	271
RAD_4491	189
RAD_4554	19
RAD_4604	45
RAD_4617	263
RAD_4664	45
RAD_4695	55
RAD_4696	181
RAD_4703	202
RAD_4735	101
RAD_4756	257
RAD_4838	208
RAD_4843	13
RAD_4907	95
RAD_4928	8
RAD_4940	271
RAD_4943	174
RAD_4944	93
RAD_4980	192
RAD_5100	177
RAD_5178	270
RAD_5227	70
RAD_5286	220
RAD_5350	106
RAD_5442	7
RAD_5465	2
RAD_5540	267
RAD_5612	127
RAD_5657	77
RAD_5778	18
RAD_5790	174
RAD_5828	223
RAD_5887	160
RAD_5942	204
RAD_6224	167
RAD_6699	182
RAD_7165	184
RAD_7205	122
RAD_7245	79
RAD_7292	119
RAD_7391	118
RAD_7429	93
RAD_7456	107
RAD_7535	157
RAD_7559	10
RAD_7582	184
RAD_7619	239
RAD_7633	127
RAD_7730	217
RAD_7732	148
RAD_7765	152
RAD_7922	102
RAD_8062	210
RAD_8102	170
RAD_8239	261
RAD_8257	48
RAD_8368	205
RAD_8509	239
RAD_8607	121
RAD_8665	55
RAD_8842	203
RAD_8852	112
RAD_8870	124
RAD_8873	154
RAD_8903	115
RAD_9023	172
RAD_9029	52
RAD_9277	79
RAD_9371	68
RAD_9373	184
RAD_9419	252
RAD_9477	66
RAD_9480	174
RAD_9491	118
RAD_9500	34
RAD_9543	73
RAD_9613	236
RAD_9625	102
RAD_9914	207
RAD_9955	272
RAD_10002	268
RAD_10192	108
RAD_10218	219
RAD_10302	128
RAD_10303	2
RAD_10337	167
RAD_10578	218
RAD_10720	180
RAD_10865	82
RAD_10912	244
RAD_10919	245
RAD_11308	217
RAD_11568	98
RAD_12160	146
RAD_12214	55
RAD_12235	243
RAD_12238	227
RAD_12260	60
RAD_12413	46
RAD_12682	124
RAD_12785	74
RAD_12844	281
RAD_13392	3
RAD_13499	80
RAD_13563	238
RAD_13690	273
RAD_13708	152
RAD_13722	107
RAD_14042	161
RAD_14139	120
RAD_14191	122
RAD_14423	216
RAD_14535	96
RAD_14549	34
RAD_14556	3
RAD_14576	246
RAD_14597	256
RAD_14857	183
RAD_15077	51
RAD_15102	229
RAD_15112	10
RAD_15159	125
RAD_15216	187
RAD_15245	78
RAD_15256	177
RAD_15526	224
RAD_15639	91
RAD_15663	61
RAD_15692	169
RAD_15714	93
RAD_15722	178
RAD_15894	17
RAD_16066	99
RAD_16111	163
RAD_16115	58
RAD_16335	91
RAD_16461	33
RAD_16523	150
RAD_16539	131
RAD_16556	80
RAD_16632	43
RAD_16682	270
RAD_16727	13
RAD_16791	19
RAD_16802	4
RAD_16816	22
RAD_16830	19
RAD_17042	103
RAD_17300	72
RAD_17415	130
RAD_17513	160
RAD_17528	111
RAD_17576	226
RAD_17601	116
RAD_17644	60
RAD_17671	95
RAD_17691	205
RAD_17743	124
RAD_17775	116
RAD_17815	260
RAD_17960	119
RAD_18031	68
RAD_18054	77
RAD_18109	19
RAD_18173	266
RAD_18197	58
RAD_18323	28
RAD_18347	152
RAD_18443	274
RAD_18477	54
RAD_18519	205
RAD_18613	48
RAD_18633	54
RAD_18674	70
RAD_18952	87
RAD_18969	2
RAD_19125	94
RAD_19153	159
RAD_19224	242
RAD_19340	86
RAD_19521	206
RAD_19592	236
RAD_19629	28
RAD_20066	53
RAD_20128	156
RAD_20263	67
RAD_20311	84
RAD_20341	115
RAD_20427	66
RAD_20436	133
RAD_20504	249
RAD_20611	133
RAD_20627	29
RAD_20681	83
RAD_20817	55
RAD_20845	21
RAD_20946	185
RAD_20947	232
RAD_21015	196
RAD_21042	70
RAD_21145	275
RAD_21172	31
RAD_21232	135
RAD_21244	16
RAD_21265	15
RAD_21267	215
RAD_21296	204
RAD_21390	209
RAD_21409	205
RAD_21436	231
RAD_21443	100
RAD_21450	186
RAD_21470	61
RAD_21485	12
RAD_21567	102
RAD_21636	132
RAD_21643	275
RAD_21649	173
RAD_21655	49
RAD_21677	18
RAD_21686	246
RAD_21727	106
RAD_21733	47
RAD_21800	14
RAD_21843	33
RAD_21866	172
RAD_21909	233
RAD_21930	159
RAD_22353	205
RAD_22586	21
RAD_22896	52
RAD_23014	20
RAD_23034	46
RAD_23211	149
RAD_23358	250
RAD_23452	191
RAD_23496	240
RAD_23545	223
RAD_23562	35
RAD_23573	183
RAD_23617	167
RAD_23623	103
RAD_23651	157
RAD_23720	198
RAD_23728	17
RAD_23747	248
RAD_23755	243
RAD_23815	135
RAD_23834	133
RAD_23858	243
RAD_23894	35
RAD_23958	259
RAD_24008	212
RAD_24173	256
RAD_24256	84
RAD_24267	201
RAD_24270	246
RAD_24280	18
RAD_24470	211
RAD_24549	105
RAD_24556	229
RAD_24561	198
RAD_24591	169
RAD_24770	4
RAD_24798	55
RAD_24924	44
RAD_25099	268
RAD_25114	244
RAD_25152	64
RAD_25222	1
RAD_25241	37
RAD_25272	3
RAD_25278	216
RAD_25296	11
RAD_25299	25
RAD_25313	71
RAD_25324	63
RAD_25342	32
RAD_25348	218
RAD_25381	67
RAD_25407	197
RAD_25462	174
RAD_25600	98
RAD_25614	160
RAD_25636	54
RAD_25656	269
RAD_25663	210
RAD_25720	204
RAD_25723	56
RAD_25761	200
RAD_25894	273
RAD_25945	89
RAD_26368	55
RAD_26498	238
RAD_26934	224
RAD_26972	119
RAD_27039	14
RAD_27214	123
RAD_27224	27
RAD_27247	55
RAD_27349	135
RAD_27401	278
RAD_27442	63
RAD_27457	22
RAD_27499	152
RAD_27572	100
RAD_27612	51
RAD_27634	126
RAD_27796	215
RAD_27860	155
RAD_27882	245
RAD_27934	171
RAD_27970	97
RAD_28010	126
RAD_28180	21
RAD_28270	200
RAD_28332	60
RAD_28438	217
RAD_29031	171
RAD_29126	55
RAD_29142	147
RAD_29344	155
RAD_29352	57
RAD_29408	185
RAD_29421	66
RAD_29427	220
RAD_29561	67
RAD_29651	152
RAD_29747	208
RAD_29811	143
RAD_29815	14
RAD_29828	217
RAD_29829	200
RAD_29838	170
RAD_29880	150
RAD_29951	150
RAD_30049	97
RAD_30403	233
RAD_30609	201
RAD_30624	204
RAD_30645	162
RAD_30657	217
RAD_30850	166
RAD_31183	6
RAD_31451	211
RAD_31594	85
RAD_31650	18
RAD_31804	34
RAD_31895	100
RAD_31982	272
RAD_31992	125
RAD_32005	280
RAD_32109	148
RAD_32162	236
RAD_32197	61
RAD_32266	207
RAD_32296	151
RAD_32347	59
RAD_32369	183
RAD_32373	20
RAD_32589	226
RAD_32615	253
RAD_32641	96
RAD_32729	37
RAD_32774	2
RAD_32939	193
RAD_32942	177
RAD_32944	241
RAD_32962	50
RAD_32995	269
RAD_33035	126
RAD_33056	245
RAD_33073	224
RAD_33140	27
RAD_33152	107
RAD_33163	150
RAD_33208	2
RAD_33216	4
RAD_33274	39
RAD_33589	32
RAD_33668	226
RAD_33740	153
RAD_33752	242
RAD_33761	106
RAD_33780	28
RAD_33859	197
RAD_33860	4
RAD_33879	32
RAD_34174	277
RAD_34265	31
RAD_34305	55
RAD_34414	88
RAD_34563	4
RAD_34735	69
RAD_34738	161
RAD_34792	212
RAD_34818	147
RAD_34826	232
RAD_34828	10
RAD_34838	26
RAD_34856	247
RAD_34882	83
RAD_34925	166
RAD_34987	18
RAD_35136	156
RAD_35160	208
RAD_35233	256
RAD_35238	227
RAD_35250	50
RAD_35349	172
RAD_35370	220
RAD_35397	182
RAD_35412	77
RAD_35469	133
RAD_35480	167
RAD_35503	114
RAD_35504	253
RAD_35547	58
RAD_35563	48
RAD_35683	34
RAD_35692	251
RAD_35725	228
RAD_35782	156
RAD_35799	164
RAD_35821	59
RAD_35835	155
RAD_35849	201
RAD_35884	165
RAD_35952	266
RAD_36017	229
RAD_36117	61
RAD_36215	34
RAD_36290	121
RAD_36382	163
RAD_36396	35
RAD_36415	146
RAD_36425	194
RAD_36459	90
RAD_36475	182
RAD_36582	221
RAD_36629	217
RAD_36647	263
RAD_36699	16
RAD_36714	126
RAD_36717	179
RAD_36730	109
RAD_36921	137
RAD_37240	32
RAD_37357	51
RAD_37618	117
RAD_37721	40
RAD_38058	19
RAD_38166	24
RAD_38366	253
RAD_38375	259
RAD_38436	155
RAD_38442	8
RAD_38457	222
RAD_38504	52
RAD_38597	18
RAD_38604	93
RAD_38629	42
RAD_38748	4
RAD_38802	82
RAD_38854	149
RAD_38927	89
RAD_38993	277
RAD_39058	17
RAD_39093	15
RAD_39116	208
RAD_39123	135
RAD_39139	43
RAD_39146	132
RAD_39305	253
RAD_39488	43
RAD_39504	181
RAD_39505	171
RAD_39512	190
RAD_39523	124
RAD_39553	63
RAD_39639	238
RAD_39641	227
RAD_39727	105
RAD_39755	214
RAD_39851	176
RAD_40153	26
RAD_40164	42
RAD_40166	76
RAD_40198	35
RAD_40202	34
RAD_40236	234
RAD_40248	160
RAD_40251	38
RAD_40271	217
RAD_40280	6
RAD_40338	2
RAD_40348	70
RAD_40406	55
RAD_40423	56
RAD_40425	108
RAD_40524	86
RAD_40610	229
RAD_40741	17
RAD_40771	35
RAD_40784	34
RAD_40813	87
RAD_41306	66
RAD_41311	8
RAD_41424	174
RAD_41498	68
RAD_42008	56
RAD_42029	192
RAD_42119	245
RAD_42182	184
RAD_42236	102
RAD_42376	233
RAD_42393	27
RAD_42573	177
RAD_42583	146
RAD_42644	146
RAD_42752	125
RAD_42911	61
RAD_43206	90
RAD_43269	172
RAD_43302	278
RAD_43396	53
RAD_43486	121
RAD_43556	225
RAD_43576	71
RAD_43586	252
RAD_43617	95
RAD_43645	218
RAD_43970	232
RAD_43982	151
RAD_43995	15
RAD_44086	30
RAD_44137	222
RAD_44190	251
RAD_44337	146
RAD_44415	90
RAD_44498	21
RAD_44499	77
RAD_44510	71
RAD_44537	29
RAD_44555	95
RAD_44556	270
RAD_44688	209
RAD_44712	199
RAD_44767	274
RAD_44789	279
RAD_44825	173
RAD_44883	192
RAD_44907	254
RAD_45157	157
RAD_45264	180
RAD_45318	261
RAD_45341	176
RAD_45458	13
RAD_45459	95
RAD_45539	245
RAD_45580	258
RAD_45734	171
RAD_46051	96
RAD_46083	55
RAD_46144	69
RAD_46281	201
RAD_46299	236
RAD_46356	108
RAD_46369	119
RAD_46461	51
RAD_46480	245
RAD_46677	187
RAD_46680	162
RAD_46808	18
RAD_46965	117
RAD_47049	19
RAD_47100	213
RAD_47101	174
RAD_47137	85
RAD_47457	189
RAD_47708	68
RAD_48198	266
RAD_48213	204
RAD_48219	8
RAD_48233	170
RAD_48238	85
RAD_48311	129
RAD_48577	49
RAD_48712	133
RAD_48744	5
RAD_48752	195
RAD_48755	229
RAD_48760	130
RAD_48785	242
RAD_48791	11
RAD_48821	110
RAD_49125	56
RAD_49427	59
RAD_49860	134
RAD_49935	53
RAD_50020	187
RAD_50043	81
RAD_50293	161
RAD_50354	56
RAD_50469	149
RAD_50647	24
RAD_50679	56
RAD_50858	47
RAD_50965	65
RAD_50972	235
RAD_51033	195
RAD_51076	6
RAD_51078	8
RAD_51097	92
RAD_52120	61
RAD_52341	52
RAD_52345	155
RAD_52573	128
RAD_52673	29
RAD_53087	227
RAD_53283	92
RAD_53403	18
RAD_53484	177
RAD_53497	56
RAD_53526	30
RAD_53573	149
RAD_53679	221
RAD_53693	247
RAD_53854	157
RAD_53891	222
RAD_53943	172
RAD_54040	245
RAD_54053	27
RAD_54074	199
RAD_54124	56
RAD_54199	219
RAD_54249	45
RAD_54351	168
RAD_54441	281
RAD_54457	253
RAD_54542	171
RAD_54543	74
RAD_54550	211
RAD_54567	271
RAD_54588	52
RAD_54594	185
RAD_54600	66
RAD_54612	256
RAD_54700	156
RAD_54719	254
RAD_54757	256
RAD_54800	130
RAD_54818	134
RAD_54921	92
RAD_55024	146
RAD_55148	57
RAD_55152	18
RAD_55250	34
RAD_55261	235
RAD_55316	157
RAD_55347	57
RAD_55351	173
RAD_55470	110
RAD_55498	187
RAD_55513	3
RAD_55525	17
RAD_55605	41
RAD_55717	120
RAD_55850	151
RAD_55858	184
RAD_56033	12
RAD_56049	209
RAD_56088	208
RAD_56129	191
RAD_56344	154
RAD_56439	38
RAD_56512	236
RAD_56550	189
RAD_56608	201
RAD_56682	115
RAD_56751	58
RAD_56774	240
RAD_56879	2
RAD_56888	202
RAD_57020	110
RAD_57023	59
RAD_57032	30
RAD_57102	60
RAD_57154	100
RAD_57181	124
RAD_57183	185
RAD_57198	81
RAD_57286	4
RAD_57316	265
RAD_57345	1
RAD_57500	38
RAD_57513	166
RAD_57671	268
RAD_57713	148
RAD_57745	58
RAD_57753	123
RAD_57771	277
RAD_57825	281
RAD_57836	2
RAD_58002	20
RAD_58162	166
RAD_58231	216
RAD_58323	113
RAD_58324	198
RAD_58338	199
RAD_58361	46
RAD_58414	152
RAD_58446	100
RAD_58674	231
RAD_58766	223
RAD_58927	263
RAD_59075	194
RAD_59310	42
RAD_59362	164
RAD_59532	69
RAD_59592	244
RAD_59616	90
RAD_59635	223
RAD_59642	119
RAD_59697	174
RAD_59711	160
RAD_59806	80
RAD_59820	189
RAD_59841	240
RAD_59848	180
RAD_59855	242
RAD_59904	186
RAD_59906	182
RAD_60030	4
RAD_60038	50
RAD_60066	30
RAD_60067	211
RAD_60086	128
RAD_60231	192
RAD_60283	19
RAD_60404	174
RAD_60418	12
RAD_60423	29
RAD_60447	98
RAD_60497	103
RAD_60511	96
RAD_60553	127
RAD_60633	239
RAD_60652	268
RAD_60714	261
RAD_60753	227
RAD_60870	250
RAD_60912	131
RAD_60995	24
RAD_61140	102
RAD_61149	202
RAD_61176	158
RAD_61195	28
RAD_61233	183
RAD_61277	274
RAD_61315	47
RAD_61402	260
RAD_61601	51
RAD_61607	46
RAD_61611	243
RAD_61699	18
RAD_61700	210
RAD_61778	124
RAD_61785	146
RAD_61827	125
RAD_61917	192
RAD_61936	70
RAD_61983	220
RAD_62020	7
RAD_62109	101
RAD_62164	171
RAD_62460	184
RAD_62995	152
RAD_63553	132
RAD_63664	250
RAD_63685	173
RAD_63837	84
RAD_63986	105
RAD_64029	91
RAD_64036	98
RAD_64124	175
RAD_64630	228
RAD_65167	58
RAD_65332	256
RAD_65436	99
RAD_65532	132
RAD_65574	85
RAD_65648	101
RAD_65670	113
RAD_65721	216
RAD_65866	168
RAD_65966	96
RAD_65992	207
RAD_66039	249
RAD_66061	165
RAD_66133	105
RAD_66215	233
RAD_66239	154
RAD_66289	26
RAD_66420	259
RAD_66481	103
RAD_66513	166
RAD_66790	267
RAD_66935	43
RAD_67056	32
RAD_67138	126
RAD_67182	211
RAD_67240	235
RAD_67368	277
RAD_67556	28
RAD_67586	15
RAD_67713	247
RAD_67818	11
RAD_67826	185
RAD_68175	165
RAD_68248	166
RAD_68365	166
RAD_68370	267
RAD_68395	26
RAD_68479	69
RAD_68539	273
RAD_68591	22
RAD_68613	30
RAD_68685	14
RAD_68776	62
RAD_68783	240
RAD_69258	34
RAD_69445	197
RAD_69464	121
RAD_69489	165
RAD_69550	159
RAD_69608	177
RAD_69612	132
RAD_69622	267
RAD_69681	260
RAD_69684	57
RAD_69697	170
RAD_69716	156
RAD_69821	238
RAD_69849	133
RAD_69862	249
RAD_69872	211
RAD_69873	169
RAD_69924	42
RAD_69973	232
RAD_70015	273
RAD_70033	256
RAD_70060	251
RAD_70108	122
RAD_70126	233
RAD_70256	203
RAD_70299	114
RAD_70331	158
RAD_70395	263
RAD_70428	217
RAD_70439	15
RAD_70449	207
RAD_70469	161
RAD_70509	25
RAD_70510	28
RAD_70557	220
RAD_70583	195
RAD_70594	192
RAD_70614	174
RAD_70635	200
RAD_70666	121
RAD_70700	199
RAD_70903	64
RAD_71042	256
RAD_71097	148
RAD_71161	100
RAD_71236	12
RAD_71260	126
RAD_71313	182
RAD_71314	42
RAD_71372	240
RAD_71902	231
RAD_72241	271
RAD_72309	191
RAD_72554	80
RAD_72565	32
RAD_72601	239
RAD_72764	14
RAD_72836	108
RAD_72863	75
RAD_72905	23
RAD_72937	203
RAD_73136	200
RAD_73143	38
RAD_73176	95
RAD_73212	88
RAD_73291	278
RAD_73317	163
RAD_73320	253
RAD_73359	94
RAD_73437	10
RAD_73579	95
RAD_73717	102
RAD_73824	225
RAD_73834	41
RAD_73935	171
RAD_73989	3
RAD_74003	276
RAD_74044	47
RAD_74058	224
RAD_74066	206
RAD_74074	207
RAD_74086	267
RAD_74097	195
RAD_74151	106
RAD_74222	224
RAD_74482	63
RAD_74549	151
RAD_74560	158
RAD_74565	198
RAD_74587	194
RAD_74621	183
RAD_74768	252
RAD_74778	233
RAD_74799	215
RAD_74808	163
RAD_74852	86
RAD_75068	2
RAD_75087	103
RAD_75352	62
RAD_75354	260
RAD_75360	98
RAD_75399	12
RAD_75419	256
RAD_75463	54
RAD_75484	108
RAD_75485	79
RAD_75515	172
RAD_75619	43
RAD_76230	241
RAD_76954	45
RAD_76972	170
RAD_77153	153
RAD_77272	25
RAD_77321	179
RAD_77322	150
RAD_77766	13
RAD_77937	202
RAD_77946	130
RAD_77956	99
RAD_78172	250
RAD_78327	105
RAD_78371	23
RAD_78390	236
RAD_78690	126
RAD_78692	71
RAD_78853	78
RAD_78988	61
RAD_79060	271
RAD_79167	282
RAD_79192	134
RAD_79208	4
RAD_79306	23
RAD_79308	94
RAD_79397	220
RAD_79442	99
RAD_79656	194
RAD_79691	74
RAD_79774	19
RAD_79800	201
RAD_79871	212
RAD_79927	27
RAD_80202	65
RAD_80249	20
RAD_80251	92
RAD_80494	155
RAD_80498	56
RAD_80571	35
RAD_80657	131
RAD_80941	148
RAD_80997	47
RAD_81035	117
RAD_81088	134
RAD_81168	178
RAD_81358	265
RAD_81376	57
RAD_81403	109
RAD_81407	47
RAD_81563	18
RAD_81623	89
RAD_81904	129
RAD_81958	214
RAD_82608	252
RAD_82892	58
RAD_82918	23
RAD_83187	44
RAD_83207	218
RAD_83291	131
RAD_83397	64
RAD_83497	23
RAD_83498	242
RAD_83518	268
RAD_83522	76
RAD_83530	9
RAD_83538	198
RAD_83560	201
RAD_83572	46
RAD_83593	157
RAD_83650	85
RAD_83666	166
RAD_83689	80
RAD_83720	254
RAD_83722	105
RAD_83725	134
RAD_83727	162
RAD_83749	30
RAD_83765	173
RAD_83779	65
RAD_83785	221
RAD_83801	170
RAD_83836	174
RAD_83930	90
RAD_84112	215
RAD_84198	61
RAD_84435	180
RAD_84573	2
RAD_90429	203
RAD_91473	1
RAD_91546	102
RAD_91567	46
RAD_91572	106
RAD_91748	207
RAD_92233	82
RAD_92323	114
RAD_92570	219
RAD_92821	229
RAD_93004	243
RAD_93300	1
RAD_93312	243
RAD_93385	141
RAD_93576	236
RAD_94030	185
RAD_94163	122
RAD_94227	109
RAD_94250	231
RAD_94411	132
RAD_94436	229
RAD_94441	219
RAD_94659	125
RAD_94816	140
RAD_94819	145
RAD_94951	189
RAD_94983	57
RAD_95576	190
RAD_95630	74
RAD_95689	222
RAD_95914	230
RAD_95930	158
RAD_95964	2
RAD_96112	203
RAD_96345	102
RAD_96507	57
RAD_96658	61
RAD_96704	210
RAD_96911	155
RAD_97495	215
RAD_97501	108
RAD_97504	191
RAD_97505	186
RAD_97519	110
RAD_97558	141
RAD_97579	121
RAD_97698	43
RAD_97858	197
RAD_98044	230
RAD_98201	206
RAD_98204	62
RAD_98222	234
RAD_98319	114
RAD_98657	182
RAD_98704	64
RAD_98852	11
RAD_99281	1
RAD_100192	150
RAD_100358	229
RAD_100753	97
RAD_101187	171
RAD_101255	146
RAD_101346	53
RAD_101460	58
RAD_101754	139
RAD_101804	262
RAD_101938	196
RAD_101960	37
RAD_102078	63
RAD_102127	162
RAD_102161	204
RAD_102330	118
RAD_102447	218
RAD_102462	156
RAD_102627	74
RAD_102675	116
RAD_102742	279
RAD_102796	181
RAD_102820	31
RAD_102825	7
RAD_102843	11
RAD_102880	97
RAD_102884	246
RAD_102908	185
RAD_102968	39
RAD_103015	13
RAD_103017	15
RAD_103029	231
RAD_103098	170
RAD_103143	17
RAD_103162	77
RAD_103185	185
RAD_103190	272
RAD_103265	247
RAD_103369	63
RAD_103373	186
RAD_103420	95
RAD_103436	77
RAD_103466	73
RAD_103469	45
RAD_103491	17
RAD_103529	134
RAD_103595	165
RAD_103604	160
RAD_103630	124
RAD_103637	232
RAD_103674	226
RAD_103776	212
RAD_103783	17
RAD_103788	95
RAD_103829	83
RAD_103857	46
RAD_103902	188
RAD_103951	215
RAD_103968	132
RAD_104041	38
RAD_104064	45
RAD_104075	128
RAD_104092	245
RAD_104094	249
RAD_104107	242
RAD_104172	57
RAD_104276	226
RAD_104279	21
RAD_104315	131
RAD_104335	203
RAD_104392	241
RAD_104423	12
RAD_104443	263
RAD_104455	18
RAD_104500	25
RAD_104565	30
RAD_104648	88
RAD_104653	144
RAD_104741	89
RAD_104747	24
RAD_104749	7
RAD_104814	172
RAD_104859	67
RAD_104875	186
RAD_104915	89
RAD_104958	155
RAD_104975	247
RAD_105316	43
RAD_105328	2
RAD_105453	187
RAD_106238	131
RAD_106380	11
RAD_108525	49
RAD_108868	11
RAD_108895	6
