0,aht1975
1,aht2456
2,aht3419
3,aht3421
4,aht3997
5,aht3998
6,kac103
7,kac108
8,kac111
9,kac112
10,kac121
11,kac136
12,kac138
13,kac142
14,kac147
15,kac149
16,kac151
17,kac153
18,kac155
19,kac161
20,kac162
21,kac172
22,kac173
23,kac176
24,kac177
25,kac189
26,kac190
27,kac191
28,kac192
29,kac193
30,kac196
31,kac206
32,kac207
33,kac208
34,kac209
35,kac210
36,kac212
37,kac220
38,kac221
39,kac224
40,kac239
41,kac242
42,kac40
43,kac45
44,kac70
45,kac75
46,kac92
47,kac95
48,t2004
49,t2020
50,t2040
51,t2043
52,utep19947
