,0
0,aht1975
1,aht2456
2,aht2564
3,aht2885
4,aht3419
5,aht3421
6,aht3428
7,aht3460
8,aht3462
9,aht3463
10,aht3833
11,aht3997
12,aht3998
13,aht5277
14,aht5278
15,kac100
16,kac101
17,kac102
18,kac103
19,kac104
20,kac105
21,kac106
22,kac107
23,kac108
24,kac110
25,kac111
26,kac112
27,kac116
28,kac121
29,kac123
30,kac124
31,kac126
32,kac133
33,kac134
34,kac135
35,kac136
36,kac138
37,kac139
38,kac140
39,kac141
40,kac142
41,kac143
42,kac144
43,kac145
44,kac146
45,kac147
46,kac148
47,kac149
48,kac150
49,kac151
50,kac152
51,kac153
52,kac154
53,kac155
54,kac156
55,kac158
56,kac159
57,kac16
58,kac160
59,kac161
60,kac162
61,kac163
62,kac164
63,kac167
64,kac172
65,kac173
66,kac176
67,kac177
68,kac181
69,kac182
70,kac183
71,kac184
72,kac185
73,kac188
74,kac189
75,kac190
76,kac191
77,kac192
78,kac193
79,kac194
80,kac195
81,kac196
82,kac197
83,kac199
84,kac200
85,kac2018021701
86,kac2018021704
87,kac2018021705
88,kac2018021706
89,kac2018021707
90,kac201803101
91,kac201803104
92,kac201803105
93,kac206
94,kac207
95,kac208
96,kac209
97,kac210
98,kac212
99,kac213
100,kac214
101,kac217
102,kac218
103,kac219
104,kac220
105,kac221
106,kac223
107,kac224
108,kac225
109,kac230
110,kac232
111,kac233
112,kac234
113,kac236
114,kac237
115,kac238
116,kac239
117,kac242
118,kac38
119,kac39
120,kac40
121,kac45
122,kac48
123,kac49
124,kac70
125,kac74
126,kac75
127,kac78
128,kac81
129,kac82
130,kac83
131,kac84
132,kac86
133,kac87
134,kac89
135,kac90
136,kac91
137,kac92
138,kac93
139,kac94
140,kac95
141,kac96
142,kac97
143,kac98
144,kac99
145,t1020
146,t1030
147,t1040
148,t2004
149,t2015
150,t2020
151,t2040
152,t2043
153,utep19947
